"Query_ID","Target_ID","Optimal_offset","p.value","E.value","q.value","Overlap","Query_consensus","Target_consensus","Orientation"
"CCACGT","MA1659.2",0,7.14016e-05,0.188,0.0385025,6,"CCACGT","CCACGTC","+"
"CCACGT","MA2258.1",0,7.14016e-05,0.188,0.0385025,6,"CCACGT","CCACGTG","+"
"CCACGT","MA0104.5",0,0.0001071,0.281996,0.0385025,6,"CCACGT","CCACGTGG","+"
"CCACGT","MA0147.4",0,0.0001071,0.281996,0.0385025,6,"CCACGT","CCACGTGC","+"
"CCACGT","MA2175.1",0,0.0001071,0.281996,0.0385025,6,"CCACGT","CCACGTGG","+"
"CCACGT","MA2176.1",0,0.0001071,0.281996,0.0385025,6,"CCACGT","CCACGTGG","+"
"CCACGT","MA2215.1",1,0.0001071,0.281996,0.0385025,6,"CCACGT","ACCACGTG","+"
"CCACGT","MA2255.1",1,0.0001071,0.281996,0.0385025,6,"CCACGT","ACCACGTG","+"
"CCACGT","MA2601.1",0,0.0001071,0.281996,0.0385025,6,"CCACGT","CCACGTGG","+"
"CCACGT","MA0128.1",0,0.0001071,0.281996,0.0385025,6,"CCACGT","CCACGTGT","-"
"GCACGT","MA1106.2",0,3.57014e-05,0.0940019,0.033949,6,"GCACGT","GCACGT","-"
"GCACGT","MA1025.2",0,7.14016e-05,0.188,0.033949,6,"GCACGT","GCACGTG","+"
"GCACGT","MA1021.2",0,7.14016e-05,0.188,0.033949,6,"GCACGT","GCACGTG","-"
"GCACGT","MA1740.2",0,7.14016e-05,0.188,0.033949,6,"GCACGT","GCACGTG","-"
"GCACGT","MA2077.1",0,7.14016e-05,0.188,0.033949,6,"GCACGT","GCACGTG","-"
"GCACGT","MA2393.1",0,7.14016e-05,0.188,0.033949,6,"GCACGT","GCACGTG","-"
"GCACGT","MA2406.1",0,7.14016e-05,0.188,0.033949,6,"GCACGT","GCACGTG","-"
"GCACGT","MA0959.1",0,0.0001071,0.281996,0.033949,6,"GCACGT","GCACGTGC","+"
"GCACGT","MA0963.1",0,0.0001071,0.281996,0.033949,6,"GCACGT","GCACGTGC","+"
"GCACGT","MA1411.2",0,0.0001071,0.281996,0.033949,6,"GCACGT","GCACGTGC","+"
"GCACGT","MA1560.2",0,0.0001071,0.281996,0.033949,6,"GCACGT","GCACGTGC","+"
"GCACGT","MA2067.1",0,0.0001071,0.281996,0.033949,6,"GCACGT","GCACGTGG","+"
"GCACGT","MA2325.1",1,0.000142798,0.375987,0.0393597,6,"GCACGT","CGCACGTAC","+"
"GCACGT","MA2057.1",0,0.000161629,0.425569,0.0393597,6,"GCACGT","GCACGTG","+"
"GCACGT","MA0569.2",0,0.000161629,0.425569,0.0393597,6,"GCACGT","GCACGTG","-"
"GCACGT","MA2061.1",0,0.000161629,0.425569,0.0393597,6,"GCACGT","GCACGTG","-"
"GCACGT","MA0960.1",1,0.000178494,0.469976,0.0393597,6,"GCACGT","GGCACGTGCC","+"
"GCACGT","MA1493.1",1,0.000178494,0.469976,0.0393597,6,"GCACGT","GGCACGTGTT","+"
"GCACGT","MA2674.1",0,0.000206012,0.542428,0.0422446,6,"GCACGT","GCACGT","-"
"GCACGT","MA2064.1",0,0.000233262,0.614178,0.0422446,6,"GCACGT","GCACGTG","-"
"GCACGT","MA2683.1",0,0.000237205,0.624562,0.0422446,6,"GCACGT","GCACGT","-"
"GCACGT","MA2071.1",0,0.000242434,0.638328,0.0422446,6,"GCACGT","GCACGTGT","+"
"GCACGT","MA0958.1",0,0.000242434,0.638328,0.0422446,6,"GCACGT","GCACGTGC","-"
"GCACGT","MA0822.1",2,0.000249883,0.657943,0.0422446,6,"GCACGT","TGGCACGTGCCA","+"
"GCACGT","MA2219.1",2,0.000323232,0.85107,0.0492904,6,"GCACGT","TGGCACGTG","-"
"GCACGT","MA1074.2",0,0.000335557,0.883523,0.0492904,6,"GCACGT","GCACGTG","-"
"GCACGT","MA1877.2",1,0.000349872,0.921214,0.0492904,6,"GCACGT","GGCACGTG","+"
"GCACGT","MA2304.1",0,0.000349872,0.921214,0.0492904,6,"GCACGT","GCACGTGC","+"
"GCACGT","MA0147.4",0,0.000349872,0.921214,0.0492904,6,"GCACGT","GCACGTGG","-"
"# Tomtom (Motif Comparison Tool): Version 5.5.9 compiled on Nov 21 2025 at 19:29:08","",NA,NA,NA,NA,NA,"","",""
"# The format of this file is described at https://meme-suite.org/meme/doc/tomtom-output-format.html.","",NA,NA,NA,NA,NA,"","",""
"# tomtom -no-ssc -oc . -verbosity 1 -min-overlap 5 -dist pearson -thresh 0.05 controlsigDiff_6bp_EM.meme db/JASPAR/JASPAR2026_CORE_non-redundant.meme","",NA,NA,NA,NA,NA,"","",""
